序号,名称,效果,价格,伤害类型,干员职位,部署位置,生效对象
"No.001
",地形图,"【常态化】可同时部署人数+1，所有我方单位的防御力+4%
【高寒化】可同时部署人数+1，所有我方单位的防御力+5%
【冻土化】可同时部署人数+1，所有我方单位的防御力+6%
【极地化】可同时部署人数+1，所有我方单位的防御力+6%，场上每有一个我方单位防御力额外+0.5%",8,,,,
"No.002
",神音海螺,"【常态化】可同时部署人数+1，所有我方单位的生命值+4%
【高寒化】可同时部署人数+1，所有我方单位的生命值+5%
【冻土化】可同时部署人数+1，所有我方单位的生命值+6%
【极地化】可同时部署人数+1，所有我方单位的生命值+6%，场上每有一个我方单位生命值额外+0.5%",8,,,,
"No.003
",林间夜话,"【常态化】可同时部署人数+2，所有我方单位的防御力+6%
【高寒化】可同时部署人数+2，所有我方单位的防御力+7%
【冻土化】可同时部署人数+2，所有我方单位的防御力+8%
【极地化】可同时部署人数+2，所有我方单位的防御力+8%，场上每有一个我方单位防御力额外+0.5%",12,,,,
"No.004
",教堂救济餐券,"【常态化】可同时部署人数+2，所有我方单位的生命值+6%
【高寒化】可同时部署人数+2，所有我方单位的生命值+7%
【冻土化】可同时部署人数+2，所有我方单位的生命值+8%
【极地化】可同时部署人数+2，所有我方单位的生命值+8%，场上每有一个我方单位生命值额外+0.5%",12,,,,
"No.005
",红色蝴蝶结,"【常态化】希望+2，可同时部署人数+1
【高寒化】希望+3，可同时部署人数+1
【冻土化】希望+4，可同时部署人数+1
【极地化】希望+4，可同时部署人数+1，非战斗节点进行的战斗可同时部署人数额外+2",8,,,,
"No.006
",独奏八音盒,"【常态化】希望+4，可同时部署人数+1
【高寒化】希望+5，可同时部署人数+1
【冻土化】希望+6，可同时部署人数+1
【极地化】希望+6，可同时部署人数+1，险路恶敌战斗可同时部署人数额外+1",12,,,,
"No.007
",被撬开的道具箱,"【常态化】希望+4
【高寒化】希望+4，立即获得源石锭+3
【冻土化】希望+4，立即获得源石锭+4
【极地化】希望+4，立即获得源石锭+5",8,,,,
"No.008
",古旧乐谱残章,"【常态化】希望+4
【高寒化】希望+4，所有我方单位的攻击速度+4
【冻土化】希望+4，所有我方单位的攻击速度+5
【极地化】希望+4，所有我方单位的攻击速度+6",8,,,,
"No.009
",解约协议,"【常态化】希望+4
【高寒化】希望+4，回复1目标生命
【冻土化】希望+4，回复2目标生命
【极地化】希望+4，回复3目标生命",8,,,,
"No.010
",万能钥匙,"【常态化】希望+6
【高寒化】希望+6，坍缩值-1
【冻土化】希望+7，坍缩值-1
【极地化】希望+7，坍缩值-2",12,,,,
"No.011
",古旧钱币,"【常态化】立即获得源石锭+10
【高寒化】立即获得源石锭+10，希望+1
【冻土化】立即获得源石锭+11，希望+1
【极地化】立即获得源石锭+12，希望+1",8,,,,
"No.012
",演员的首饰盒,"【常态化】立即获得源石锭+18
【高寒化】立即获得源石锭+18，每当坍缩值增长时获得源石锭+1
【冻土化】立即获得源石锭+19，每当坍缩值增长时获得源石锭+1
【极地化】立即获得源石锭+20，每当坍缩值增长时获得源石锭+1",12,,,,
"No.013
",游戏室管理员权限卡,"【常态化】立即进阶一个干员（不消耗希望）
【高寒化】立即获得源石锭+2，并进阶一个干员（不消耗希望）
【冻土化】立即获得源石锭+2，并进阶一个干员（不消耗且获得1希望）
【极地化】立即获得源石锭+4，并进阶一个干员（不消耗且获得1希望）",8,,,,
"No.014
",Miss.Christine摸摸券,"【常态化】立即进阶两个干员（不消耗希望）
【高寒化】护盾值+1，并进阶两个干员（不消耗希望）
【冻土化】护盾值+1，并进阶两个干员（不消耗且获得1希望）
【极地化】护盾值+2，并进阶两个干员（不消耗且获得1希望）",12,,,,
"No.015
",地区行动方案,"【常态化】招募4星干员的希望消耗-2
【高寒化】希望+1，招募4星干员的希望消耗-2
【冻土化】希望+1，招募4星干员的希望消耗-2，每次招募有概率出现随机直升的4星干员
【极地化】希望+2，招募4星干员的希望消耗-2，每次招募有概率出现随机直升的4星干员",12,,,,
"No.016
",全局作战文件,"【常态化】招募5星干员的希望消耗-2
【高寒化】希望+1，招募5星干员的希望消耗-2
【冻土化】希望+1，招募5星干员的希望消耗-2，每次招募有概率出现随机直升的5星干员
【极地化】希望+2，招募5星干员的希望消耗-2，每次招募有概率出现随机直升的5星干员",12,,,,
"No.017
",人事部密信,"【常态化】招募6星干员的希望消耗-2
【高寒化】希望+1，招募6星干员的希望消耗-2
【冻土化】希望+1，招募6星干员的希望消耗-2，每次招募有概率出现随机直升的6星干员
【极地化】希望+2，招募6星干员的希望消耗-2，每次招募有概率出现随机直升的6星干员",12,,,,
"No.018
",罗德岛战术电台,"【常态化】战斗后掉落招募券时，增加一个可选项
【高寒化】希望+1，战斗后掉落招募券时，增加一个可选项
【冻土化】希望+1，战斗后掉落招募券时，增加两个可选项
【极地化】希望+2，战斗后掉落招募券时，增加两个可选项",12,,,,
"No.019
",精选兽肉罐头,可携带干员+1，所有我方单位每秒回复3点生命,8,,,,
"No.020
",凉拌海草,可携带干员+1，所有我方单位的攻击速度+1,8,,,,
"No.021
",橙味风暴,可携带干员+1，所有我方单位的攻击力+1%,8,所有,所有,所有,所有
"No.022
",咖啡平原咖啡糖,可携带干员+2，所有我方单位的攻击速度+2,12,,,,
"No.023
",尖叫樱桃,可携带干员+2，所有我方单位的攻击力+2%,12,所有,所有,所有,所有
"No.024
",皮特水果什锦,可携带干员+3，所有我方单位的攻击力、防御力和生命值+3%,16,所有,所有,所有,所有
"No.025
",特级馥郁咖啡豆,可携带干员+1，可同时部署人数+1，护盾值+1,12,,,,
"No.026
",蓝色丝巾,希望+2，可携带干员+1,8,,,,
"No.027
",源石鸢尾花,希望+6，可携带干员+2,16,,,,
"No.028
",古怪的长笛,希望+4，可携带干员+1,12,,,,
"No.029
",玻璃小鸟,希望+4，可携带干员+1,12,,,,
"No.030
",赤金的远征,希望+4，可携带干员+1，可同时部署人数+1,16,,,,
"No.031
",《杜林地上环游记》,护盾值+4,12,,,,
"No.032
",《旧高卢地名源流考》,护盾值+6,12,,,,
"No.033
",热水壶,目标生命上限+1，希望+1,8,,,,
"No.034
",特殊抑制器,目标生命上限+2，回复2目标生命,8,,,,
"No.035
",石像鬼塑像,目标生命上限+3,8,,,,
"No.036
",血魔的寝床,目标生命上限+4,12,,,,
"No.037
",长生者之证,目标生命上限+6,16,,,,
"No.038
",女妖之吻,希望+8,16,,,,
"No.039
",无瑕宝玉,立即获得源石锭+25,16,,,,
"No.040
",钝爪-典训,立即进阶一个【先锋】干员（不消耗希望）,8,,,,
"No.041
",折戟-典训,立即进阶一个【近卫】干员（不消耗希望）,8,,,,
"No.042
",铁卫-典训,立即进阶一个【重装】干员（不消耗希望）,8,,,,
"No.043
",残弩-典训,立即进阶一个【狙击】干员（不消耗希望）,8,,,,
"No.044
",断杖-典训,立即进阶一个【术师】干员（不消耗希望）,8,,,,
"No.045
",支柱-典训,立即进阶一个【辅助】干员（不消耗希望）,8,,,,
"No.046
",医者-典训,立即进阶一个【医疗】干员（不消耗希望）,8,,,,
"No.047
",锈刃-典训,立即进阶一个【特种】干员（不消耗希望）,8,,,,
"No.048
",维多利亚“废铁”勋章,战斗获得的指挥经验+20%,8,,,,
"No.049
",光谱分析仪,抗干扰指数+1，护盾值+2,8,,,,
"No.050
",闲暇时光,可携带干员+1，抗干扰指数+1,12,,,,
"No.051
",宁静泉流,抗干扰指数+2，目标生命上限+3，希望+3,16,,,,
"No.052
",突击协议-利刃,战斗编队中每有一名先锋和近卫干员，所有先锋和近卫干员的攻击力+8%,8,所有,先锋 近卫,,所有
"No.053
",突击协议-散兵,战斗编队中每有一名先锋和近卫干员，所有先锋和近卫干员的防御力+10%,8,,,,
"No.054
",堡垒协议-方阵,战斗编队中每有一名重装和辅助干员，所有重装和辅助干员的攻击力+8%,8,所有,重装 辅助,,所有
"No.055
",堡垒协议-固守,战斗编队中每有一名重装和辅助干员，所有重装和辅助干员的防御力+10%,8,,,,
"No.056
",远程协议-遥击,战斗编队中每有一名医疗和狙击干员，所有医疗和狙击干员的攻击力+8%,8,所有,医疗 狙击,,所有
"No.057
",远程协议-克敌,战斗编队中每有一名医疗和狙击干员，所有医疗和狙击干员的攻击速度+6,8,,,,
"No.058
",破坏协议-消除,战斗编队中每有一名术师和特种干员，所有术师和特种干员的攻击力+8%,8,所有,术士 特种,,所有
"No.059
",破坏协议-压制,战斗编队中每有一名术师和特种干员，所有术师和特种干员的攻击速度+6,8,,,,
"No.060
",开裂的束缚带,所有敌方单位的攻击力-7%,8,,,,
"No.061
",奇渊面具,所有敌方单位的攻击力-12%,12,,,,
"No.062
",教母的信物,所有敌方单位的攻击力-17%,16,,,,
"No.063
",残破合影,所有敌方单位的防御力-12%,8,物理,所有,所有,所有
"No.064
",恐鱼干,所有敌方单位的防御力-21%,12,物理,所有,所有,所有
"No.065
",迷迭香之拥,所有敌方单位的防御力-30%,16,物理,所有,所有,所有
"No.066
",镶金骨骰,所有敌方单位的生命-15%,12,,,,
"No.067
",“黑夜呢喃”,所有敌方单位的生命-10%,8,,,,
"No.068
",《大静谧》,所有敌方单位的生命-20%,16,,,,
"No.069
",异铁小圆盾,所有我方单位的防御力+15%,8,,,,
"No.070
",军团护心镜,所有我方单位的防御力+25%,12,,,,
"No.071
",古旧的蒸汽甲胄,所有我方单位的防御力+35%,16,,,,
"No.072
",皇帝的恩宠,所有我方近战单位的攻击力+15%,8,所有,所有,近战,所有
"No.073
",贵族刺剑,所有我方近战单位的攻击力+25%,12,所有,所有,近战,所有
"No.074
",老近卫军之锋,所有我方近战单位的攻击力+35%,16,所有,所有,近战,所有
"No.075
",显圣吊坠,所有我方远程单位的攻击力+15%,8,所有,所有,远程,所有
"No.076
",银餐叉,所有我方远程单位的攻击力+25%,12,所有,所有,远程,所有
"No.077
",损坏的左轮弹巢,所有我方远程单位的攻击力+35%,16,所有,所有,远程,所有
"No.078
",难闻的止血剂,所有我方单位的生命+20%,8,,,,
"No.079
",急救药箱,所有我方单位的生命+35%,12,,,,
"No.080
",未知仪器,所有我方单位的生命+50%,16,,,,
"No.081
",锈蚀刀片,所有敌方单位受到的物理伤害+15%,8,物理,所有,所有,所有
"No.082
",赶车夫的长鞭,所有敌方单位受到的物理伤害+25%,12,物理,所有,所有,所有
"No.083
",“复仇者”,所有敌方单位受到的物理伤害+35%,16,物理,所有,所有,所有
"No.084
",制式防暴用具,所有敌方单位受到的法术伤害+20%,8,法术,所有,所有,所有
"No.085
",皇帝的收藏,所有敌方单位受到的法术伤害+30%,12,法术,所有,所有,所有
"No.086
",“璀璨悲泣”,所有敌方单位受到的法术伤害+40%,16,法术,所有,所有,所有
"No.087
",活玫瑰,所有我方单位受到的治疗和生命回复效果+20%,8,,,,
"No.088
",苍白花冠,所有我方单位受到的治疗和生命回复效果+30%,12,,,,
"No.089
",演出用香水,所有我方单位每秒回复1%的最大生命值,12,,,,
"No.090
",设计师量尺,所有我方单位获得15%物理闪避,8,,,,
"No.091
",“法术杀手”,所有我方单位获得15%法术闪避,8,,,,
"No.092
",舞者手链,所有我方单位获得10%物理与法术闪避,12,,,,
"No.093
",人偶之家,初始部署费用+10,8,,,,
"No.094
",微缩舞台模型,初始部署费用+20,12,,,,
"No.095
",缠梦古堡模型,初始部署费用+30,16,,,,
"No.096
",漆黑的舞鞋,可以在高台部署近战位干员,12,,,,
"No.097
",洁白的舞鞋,可以在低地部署远程位干员,12,,,,
"No.098
",古高卢银币,所有干员的初始技力+6,8,,,,
"No.099
",高卢银行支票,所有干员的初始技力+12,12,,,,
"No.100
",《第二经济改革法》,所有干员的初始技力+18,16,,,,
"No.101
",香草沙士汽水,所有自然回复技能的技力恢复+0.2/秒,8,,,,
"No.102
",羽兽肝酱,所有自然回复技能的技力恢复+0.35/秒,12,,,,
"No.103
",迷梦香精,所有自然回复技能的技力恢复+0.5/秒,16,,,,
"No.104
",摩根队长佳酿,所有攻击和受击回复的技能每3秒回复1点技力,8,,,,
"No.105
",生命之水,所有攻击和受击回复的技能每2.5秒回复1点技力,12,,,,
"No.106
",皇家利口酒,所有攻击和受击回复的技能每1.5秒回复1点技力,16,,,,
"No.107
",悬丝傀儡,敌人被晕眩、冰冻、束缚时，每秒受到700点法术伤害,12,,,,
"No.108
",“童趣玩偶”,敌人被晕眩、冰冻、束缚时，每秒受到1000点法术伤害,16,,,,
"No.109
",凯旋号角,敌人受到的一次性晕眩、寒冷、冰冻等异常效果影响时间提高100%,12,,,,
"No.110
",高闪相机,敌人受到的一次性晕眩、寒冷、冰冻等异常效果影响时间提高110%,12,,,,
"No.111
",精神治疗录像带,敌人受到的一次性晕眩、寒冷、冰冻等异常效果影响时间提高150%,16,,,,
"No.112
",老蒲扇,战斗编队中每有一个职业不同的干员，所有干员的攻击力+10%,16,所有,所有,所有,所有
"No.113
",食腐者手杖,所有我方单位受到的治疗溢出时，周围敌人会受到相当于该次溢出治疗量的法术伤害,16,,,,
"No.114
",Scout的狙击镜,所有敌方单位受到我方单位伤害时，距离伤害来源越远受到的伤害越高（最高100%）,16,所有,所有,所有,所有
"No.115
",黑色郁金香,所有我方干员技能未开启时60秒内攻击力逐渐提升至最高+60%，每次技能结束时失去该加成,16,所有,所有,所有,所有
"No.116
",绿叶菜罐头,所有干员技能触发后1秒内攻击力+60%,12,所有,所有,所有,所有
"No.117
",叙拉古人的愤怒,所有干员技能触发后1秒内攻击力+100%,16,所有,所有,所有,所有
"No.118
",国王的新枪,目标生命为1时，所有我方单位的攻击速度+50,12,,,,
"No.119
",古堡的子嗣,所有干员在场上停留100秒后防御力+300，法术抗性+30,16,,,,
"No.120
",国王的圆饼,目标生命为1时，所有干员的阻挡数+2,12,,,,
"No.121
",国王的枝条,目标生命为1时，所有干员每2秒额外回复1点技力,12,,,,
"No.122
",诸王的冠冕,目标生命为1时，所有我方单位的攻击力+50%，集齐3件及以上国王收藏品后变为+150%,16,所有,所有,所有,所有
"No.123
",《光耀卡西米尔》,干员触发闪避后6秒内攻击力+70%,12,所有,所有,所有,所有
"No.124
",《归来》,干员触发闪避后6秒内攻击力+130%,16,所有,所有,所有,所有
"No.125
",“奉献”,远程干员攻击或治疗时，对攻击范围内一名随机敌人造成150点法术伤害,12,,,,
"No.126
",天穹尘埃,远程干员在手动开启技能时，使攻击范围内的所有敌人浮空2秒,16,,,,
"No.127
",冰结的躯壳,近战干员在受到伤害后5秒内，攻击速度+40,12,,,,
"No.128
",荆棘环,近战干员在受到治疗后，使自身和周围4格内的干员获得1点技力,16,,,,
"No.129
",“永夜的窥视”,所有干员的攻击力+25%，攻击速度+25，但每秒流失25生命值,16,所有,所有,所有,所有
"No.130
",“枯木的回声”,所有干员每秒恢复50生命值，但最大生命-25%,16,,,,
"No.131
",凝冰砥石,战斗开始时，使随机一名干员生命值、攻击力、防御力、法术抗性、阻挡数、初始技力、部署费用翻倍,16,所有,所有,所有,所有
"No.132
",远见者之示,所有干员部署费用和再部署时间随机变化,16,,,,
"No.133
",荆与叶的织带,每次战斗会随机1个可部署位置，该位置和周围8格内的我方单位具有迷彩,16,,,,
"No.134
",活木甲,所有我方近战单位部署时获得相当于最大生命50%的屏障,8,,,,
"No.135
",鳞皮壳盾,所有我方远程单位部署时获得3层护盾,8,,,,
"No.136
",霜牡的肩甲,所有我方单位阻挡2名及以上敌人后，攻击力+40%，防御力+40%，持续30秒,12,所有,所有,所有,所有
"No.137
",雪牝的护手,所有我方单位阻挡3名及以上敌人后，攻击速度+80，获得50%的物理和法术闪避，持续30秒,16,,,,
"No.138
",空羽兽,【召唤物】生命值+30%，攻击力+30%，且在场时使它所属的干员攻击力+60%,16,所有,所有,所有,所有
"No.139
",岩角号,所有干员周围4格每有一名干员，攻击力+20%,8,所有,所有,所有,所有
"No.140
",不灭的火炬,所有干员周围4格每有一名干员，攻击速度+30,12,,,,
"No.141
",湖中神盾,护盾值+1；战斗开始时如果拥有护盾值，所有我方单位的最大生命+60%,12,,,,
"No.142
",古老壁画,敌人进入和解除浮空、失重状态时，受到1000点法术伤害，并在10秒内失去特殊能力,12,,,,
"No.143
",万星园之辉,敌人进入和解除浮空、失重状态时，受到2000点法术伤害，并在10秒内受到的伤害+30%,16,所有,所有,所有,所有
"No.144
",移云者图腾,所有敌方单位移动速度-15%，且失重时重量额外下降2个等级,16,,,,
"No.145
",钝爪-突破,所有【先锋】干员的部署费用-2，生命+60%,8,,,,
"No.146
",钝爪-爆发,所有【先锋】干员的初始技力+15,8,,,,
"No.147
",钝爪-熟稔,所有【先锋】干员的技力消耗-35%,12,,,,
"No.148
",钝爪-百战,所有【先锋】干员的攻击力+50%，防御力+50%,16,所有,先锋,所有,所有
"No.149
",折戟-突破,所有【近卫】干员的部署费用-3，生命+40%,8,,,,
"No.150
",折戟-锋刃,所有【近卫】干员的攻击力+25%,8,所有,近卫,近战,所有
"No.151
",折戟-浴血,所有【近卫】干员在攻击后获得2点技力,12,,,,
"No.152
",折戟-破釜沉舟,所有【近卫】干员的防御力-40%，但攻击力+40%，攻击速度+30,16,所有,近卫,近战,所有
"No.153
",铁卫-突破,所有【重装】干员的部署费用-3，生命+40%,8,,,,
"No.154
",铁卫-侵掠,所有【重装】干员的攻击力+60%,8,所有,重装,近战,所有
"No.155
",铁卫-无锋,所有【重装】干员在受到攻击后获得2点技力,16,,,,
"No.156
",铁卫-整固,所有【重装】干员生命值+40%，防御力+40%，法术抗性+20,12,,,,
"No.157
",残弩-突破,所有【狙击】干员的部署费用-2，生命+60%,8,,,,
"No.158
",残弩-百步穿杨,所有【狙击】干员的攻击力+20%,8,所有,狙击,远程,所有
"No.159
",残弩-交叉火力,所有【狙击】干员的生命-40%，但攻击力+40%,12,所有,狙击,远程,所有
"No.160
",残弩-神速,所有【狙击】干员的攻击速度+70,16,,,,
"No.161
",断杖-突破,所有【术师】干员的部署费用-3，生命+60%,8,,,,
"No.162
",断杖-织法者,所有【术师】干员的攻击力+25%，攻击速度+25,8,所有,术士,远程,所有
"No.163
",断杖-凝神,所有【术师】干员的技力恢复+0.4/秒,12,,,,
"No.164
",断杖-苦难巫咒,所有【术师】干员生命-40%，但造成的法术伤害+70%,16,所有,术士,远程,所有
"No.165
",支柱-突破,所有【辅助】干员的部署费用-2，生命+60%,8,,,,
"No.166
",支柱-勤奋,所有【辅助】干员的技力消耗-40%,12,,,,
"No.167
",支柱-援护,所有【辅助】干员使攻击范围内的我方单位攻击力+20%,16,所有,所有,所有,所有
"No.168
",支柱-枯法,所有【辅助】干员攻击范围内的敌方单位防御力-20%，法术抗性-20%,12,所有,所有,所有,所有
"No.169
",医者-突破,所有【医疗】干员的部署费用-2，生命+60%,8,,,,
"No.170
",医者-自医,所有【医疗】干员的技力恢复+0.3/秒,8,,,,
"No.171
",医者-妙手,所有【医疗】干员的攻击速度+50,12,,,,
"No.172
",医者-固化序列,所有【医疗】干员攻击范围内的我方单位获得抵抗,16,,,,
"No.173
",锈刃-突破,所有【特种】干员的部署费用-2，生命+60%,8,,,,
"No.174
",锈刃-研磨,所有【特种】干员的攻击速度+30,8,,,,
"No.175
",锈刃-可视静谧,所有【特种】干员的再部署时间-35%,12,,,,
"No.176
",锈刃-锋芒发硎,所有【特种】干员的攻击力+40%，力度+2,16,所有,特种,所有,所有
"No.177
",扣挠之手,【凝滞师】、【削弱者】和【护佑者】攻击时额外造成目标当前生命值3%的法术伤害,16,,,,
"No.178
",炸裂之手,【要塞】、【链术师】和【轰击术师】每对一个单位造成伤害就回复2点技力值,16,,,,
"No.179
",极速之手,【处决者】、【伏击客】和【傀儡师】相邻四格内没有我方单位时，攻击速度+120,16,,,,
"No.180
",净尘之手,【吟游者】【阵法术师】【疗养师】对攻击范围内敌人每秒造成50%攻击力的法术伤害,16,,,,
"No.181
",碎靶之手,【炮手】【扩散术师】【投掷手】每对一个单位造成伤害就使自身攻击力+15%，最高+150%，5秒未造成伤害则使加成清空,16,所有,狙击 术士,远程,所有
"No.182
",永流之手,【中坚术师】【秘术师】【召唤师】每使用过一次技能，自身的技力自然回复速度+0.5/秒，最多叠加4层,16,,,,
"No.183
",缠斗之手,【铁卫】、【驭法铁卫】和【决战者】每2秒束缚自身附近所有敌人1秒，并造成相当于攻击力100%的真实伤害,16,,,,
"No.184
",应机之手,【冲锋手】、【尖兵】和【战术家】的部署费用-10，且击杀敌人后使所有未部署干员下次部署费用-1,16,,,,
"No.185
",溃决之手,【重射手】、【神射手】和【攻城手】的攻击伤害随目标生命下降而提升最高50%，并对生命20%以下的敌人强制击杀,16,所有,狙击,远程,所有
"No.186
",浓缩抑制剂,所有干员攻击【感染生物】时攻击力提升至150%并使其失去特殊能力3秒,16,所有,所有,所有,感染生物
"No.187
",古旧铸物,立即进阶三个干员（不消耗希望）,16,,,,
"No.188
",一份演讲稿,招募所有干员的希望消耗-2,16,,,,
"No.189
",锈蚀的铁锤,商店中购买道具所需源石锭-50%,12,,,,
"No.190
",四叶草化石,我方在得偿所愿节点和战斗后掉落战利品时，增加一个可选项,16,,,,
"No.191
",阿卡胡拉饭碗,回复4目标生命，护盾值+2,8,,,,
"No.192
",立体艺术装置,回复7目标生命，每次战斗结束后额外回复1目标生命,12,,,,
"No.193
",御2,护盾值+5,8,,,,
"No.194
",金酒之杯,每有5源石锭，所有我方单位的攻击速度+7,16,,,,
"No.195
",“国王的护戒”,护盾值+2，将目标生命全部转化为等量护盾值（目标生命不会低于1）,12,,,,
"No.196
",骑士长枪专业版,战场的宝箱会掉落更多的源石锭,12,,,,
"No.197
",全自动维修台,抗干扰指数+2，但是坍缩值+2,12,,,,
"No.198
",警戒篱木,坍缩值-2，目标生命上限+2,8,,,,
"No.199
",《重型音乐选集》,坍缩值-2，希望+2,8,,,,
"No.200
",流浪术师的怀乡,进入深埋迷境时，坍缩值-3,12,,,,
"No.201
",仪式铃,失去抗干扰指数时，回复1目标生命,12,,,,
"No.202
",北方拓荒者拐杖,抗干扰指数不低于4时，每进入一个非战斗节点，获得源石锭+2,12,,,,
"No.203
",猎人的洞察,所有干员攻击【坍缩体】时无视50%的防御力和法术抗性，并使其停顿0.5秒,16,所有,所有,所有,坍缩体
"No.204
",雪与土的织带,每次战斗会随机1个可部署位置，该位置和周围8格的我方干员攻击和受击回复技力时，使范围内另一名干员同时回复,16,,,,
"No.205
",古地树实,立即获得三件随机的小玩意,12,,,,
"No.206
",极地改型包,支援道具使用时会在周围4格同时使用,12,,,,
"No.207
",圆石祭坛可计数叠加层数,战斗后有概率使所有我方单位的攻击力和防御力永久+5%（最多叠加10层）,8,所有,所有,所有,所有
"No.208
",彩虹瓮,每次敌人进入保护目标点时，立即使随机一名再部署中的单位当前再部署时间减半,16,,,,
"No.209
",芽棍,每次进入树篱之途或失与得节点，护盾值+2,8,,,,
"No.210
",坎诺特印记,每次在诡意行商购买一件道具，或在失与得交换一次，希望+1,8,,,,
"No.211
",指路藤偶,通过纵向通路时有概率不降低抗干扰指数,12,,,,
"No.212
",乌萨斯断刃,每有1级坍缩范式，战斗获得的指挥经验+10%,12,,,,
"No.213
",伶牙，毁林者,战斗有概率额外掉落1个密文板,16,,,,
"No.214
",支援补给站不可于【失与得】交换,每次战斗中携带1个便携式补给站,8,,,,
"No.215
",支援地雷组不可于【失与得】交换,每次战斗中携带3个干扰地雷,8,,,,
"No.216
",支援轰隆隆不可于【失与得】交换,每次战斗中携带2个轰隆隆先生,8,,,,
"No.217
",支援起重机不可于【失与得】交换,每次战斗中携带2个雪雉的安全起重机,8,,,,
"No.218
",支援防暴桩不可于【失与得】交换,每次战斗中携带2个防暴桩,8,,,,
"No.219
",支援雾机不可于【失与得】交换,每次战斗中携带1个失修舞台雾机,8,,,,
"No.220
",祭坛式雷达不可于【失与得】交换,每次战斗中携带1个祭坛式雷达（定期扫描周围敌人）,――,,,,
"No.221
",R-45便携式“留声机”不可于【失与得】交换,每次战斗中携带1个R-45便携式“留声机”（激活后攻击并调查敌人）,――,,,,
"No.222
",景观巨蕈不可于【失与得】交换,每次战斗中携带2个景观巨蕈（周围4格我方单位调查能力增强）,――,,,,
"No.223
",战场装置LUD-99X不可于【失与得】交换,每次战斗会出现战场装置LUD-99X（对阻挡最高的我方单位附近触发随机正面或负面调查效果）,――,,,,
"No.224
",“二踢脚”型数据收集装置不可于【失与得】交换,每次战斗中携带5个“二踢脚”型数据收集装置（部署后立即调查敌人）,――,,,,
"No.225
",勘察用自走车不可于【失与得】交换,每次战斗中携带1个勘察用自走车出发点（发出自走车调查敌人）,――,,,,
"No.226
",树痕之盔不可于【失与得】交换,希望+3，让探索开启不同的方向,――,,,,
"No.227
",无垠赠礼不可于【失与得】交换,坍缩值+3，让探索开启不同的方向,――,,,,
"No.228
",路网不可于【失与得】交换,战斗出现额外敌人，让探索开启不同的方向,――,,,,
"No.229
",“岁怒”,每次部署我方单位时，对场上随机一个敌人及其周围造成3000点法术伤害,16,,,,
"No.230
",“文明的存续”,所有敌方单位受到的真实伤害+150%,16,真实,所有,所有,所有
"No.231
",“时光之末”一次性使用,仅一次，在非区域最终战斗和领袖战中失败时不结束探索，目标生命+1并继续下一步行动,12,,,,
"No.232
",“小格兰法洛”,每次敌人进入保护目标点时，立刻对全场所有敌人造成5秒晕眩,12,,,,
"No.233
",“碎片大厦的回忆”,每次敌人进入保护目标点时，立刻对全场所有敌人造成3000点真实伤害,16,,,,
"No.234
",“盲目”,抗干扰指数为0-1时，水平或垂直移动随机获得护盾值、源石锭、希望、抗干扰指数或密文板,16,,,,
"No.235
",琥珀伤痕可计数叠加层数,抗干扰指数可以超出上限，且每超出1点使所有我方单位的生命值+8%，攻击力+8%,16,所有,所有,所有,所有
"No.236
",安玛的爱,所有我方单位的生命、攻击力、防御力+1%；有时会发挥奇妙的效果,16,所有,所有,所有,所有
"No.237
",视界邀约不可于【失与得】交换,让探索开启不同的方向,1,,,,
"No.238
",维度流质不可于【失与得】交换,让探索开启不同的方向,――,,,,
"No.239
",坍缩之种不可于【失与得】交换,所有我方单位的攻击力和生命值-15%,――,所有,所有,所有,所有
"No.240
",空间碎片不可于【失与得】交换,可携带干员-4,――,,,,
"No.241
",深度灼痕不可于【失与得】交换,目标生命上限-12,――,,,,
"No.242
",“国王的水晶”,战斗结束后使目标生命-2（目标生命不会低于1），希望+1，源石锭+5,12,,,,
"No.243
",“绽放”,所有干员每次受到伤害时回复1点技力，每次受到元素损伤时回复1点技力,16,,,,
"No.244
",散轶诗简,【召唤物】不再消耗部署位,16,,,,
"No.245
",坚实之手,【工匠】、【行商】和【怪杰】在场上停留30秒后，获得3点临时目标生命值（每名干员同一作战最多触发1次）,16,,,,
"No.246
",复还之手,【群愈师】、【链愈师】和【行医】攻击范围内干员受到致命伤时，回复所有生命（每名干员同一作战最多触发1次）,16,,,,
"No.247
",钝爪-拾柴,场上每有一名先锋干员，每3秒获得1点部署费用（最多叠加8次）,8,,,,
"No.248
",折戟-战吼,场上每有一名近卫干员，所有我方单位的攻击力+8%（最多叠加8次）,8,所有,所有,所有,所有
"No.249
",铁卫-垒沙,场上每有一名重装干员，所有我方单位受到的物理伤害-10%（最多叠加8次）,8,,,,
"No.250
",残弩-连珠,场上每有一名狙击干员，所有我方单位的攻击速度+12（最多叠加8次）,8,,,,
"No.251
",断杖-和声,场上每有一名术师干员，所有敌人受到的法术伤害+12%（最多叠加8次）,8,法术,所有,所有,所有
"No.252
",支柱-联手,场上每有一名辅助干员，所有自然回复技能的技力恢复+0.2/秒（最多叠加8次）,8,,,,
"No.253
",医者-涌泉,场上每有一名医疗干员，所有我方单位的再部署时间-5%（最多叠加8次）,8,,,,
"No.254
",锈刃-扰袭,场上每有一名特种干员，所有敌方单位的移动速度-5%（最多叠加8次）,8,,,,
"No.255
",掌上楼阁,所有干员的阻挡数+1，在场上停留60秒后阻挡数额外+1,16,,,,
"No.256
",米诺斯颂诗可计数叠加层数,每通过一场紧急作战，所有我方单位的生命值永久+3%（最多叠加15层）,12,,,,
"No.257
",Friston.P可计数叠加层数,每通过一场紧急作战，所有我方单位的攻击速度永久+5（最多叠加15层）,16,,,,
"No.258
",藤蔓炮手,敌方空中单位被击杀后，对周围其他敌人造成3000点物理伤害,12,,,,
"No.259
",北风的造物,【机械】和【法术造物】敌人首次攻击时，立即冻结15秒,16,,,,
"No.260
",破落盟约,所有干员受到来自【萨卡兹】和【宿主】敌人的伤害减少50%,16,,,,萨卡兹 宿主
"No.261
",范式中和仪,处于【国度】中的敌方单位攻击速度-30,12,,,,
"No.262
",探索者背包,所有干员从异常状态恢复后，攻击力+60%并获得抵抗，持续15秒,12,所有,所有,所有,所有
"No.263
",黑洞协议,部署费用达到上限时，所有干员的生命值+150%,12,,,,
